organism_source,organism_standardized,source_qualifier,include_primary_summary,mapping_status,notes
ESCHERICHIA COLI,Escherichia coli,,1,reviewed,
ESCHERICHIA COLI (CARBAPENEM RESISTANT),Escherichia coli,carbapenem_resistant,1,reviewed,Resistance phenotype retained separately
STAPHYLOCOCCUS AUREUS,Staphylococcus aureus,,1,reviewed,
STAPH AUREUS {MRSA},Staphylococcus aureus,MRSA,1,reviewed,Resistance phenotype retained separately
STAPH AUREUS(COLONY VARIANT - SMALL COLONY OR OTHER MORPHOTYPE),Staphylococcus aureus,small_colony_or_other_morphotype,1,reviewed,Morphotype retained separately
KLEBSIELLA PNEUMONIAE,Klebsiella pneumoniae,,1,reviewed,
KLEBSIELLA PNEUMONIAE (CARBAPENEM RESISTANT),Klebsiella pneumoniae,carbapenem_resistant,1,reviewed,Resistance phenotype retained separately
ENTEROCOCCUS FAECALIS,Enterococcus faecalis,,1,reviewed,
ENTEROCOCCUS FAECALIS - VANCO RESISTANT,Enterococcus faecalis,vancomycin_resistant,1,reviewed,Resistance phenotype retained separately
PSEUDOMONAS AERUGINOSA,Pseudomonas aeruginosa,,1,reviewed,
MUCOID PSEUDOMONAS AERUGINOSA,Pseudomonas aeruginosa,mucoid,1,reviewed,Morphotype retained separately
PSEUDOMONAS AERUGINOSA (NON-MUCOID CF),Pseudomonas aeruginosa,non_mucoid_cf,1,reviewed,Morphotype retained separately
ENTEROBACTER CLOACAE COMPLEX,Enterobacter cloacae complex,,1,reviewed,
ENTEROBACTER CLOACAE COMPLEX (CARBAPENEM RESISTANT),Enterobacter cloacae complex,carbapenem_resistant,1,reviewed,Resistance phenotype retained separately
KLEBSIELLA OXYTOCA,Klebsiella oxytoca,,1,reviewed,
PROTEUS MIRABILIS,Proteus mirabilis,,1,reviewed,
ENTEROCOCCUS FAECIUM,Enterococcus faecium,,1,reviewed,
ENTEROCOCCUS FAECIUM -  VANCO RESISTANT,Enterococcus faecium,vancomycin_resistant,1,reviewed,Resistance phenotype retained separately
STREPTOCOCCUS PNEUMONIAE,Streptococcus pneumoniae,,1,reviewed,
STREPTOCOCCUS AGALACTIAE (GROUP B),Streptococcus agalactiae,group_b,1,reviewed,
STREPTOCOCCUS AGALACTIAE {GROUP B},Streptococcus agalactiae,group_b,1,reviewed,Formatting variant
SERRATIA MARCESCENS,Serratia marcescens,,1,reviewed,
SERRATIA MARCESCENS (CARBAPENEM RESISTANT),Serratia marcescens,carbapenem_resistant,1,reviewed,Resistance phenotype retained separately